alg,opt,resNorm,resMSE,resSNR,suppLen,support
OMP,"{}",0.7917227220499161,0.009794138572033262,22.07242336922407,16,"74 231 147 174 168 91 149 96 84 209 107 87 38 182 201 42"
MP,"{}",2.526819143126325,0.09976273409483838,11.992402383520275,16,"74 231 147 165 168 91 201 174 148 84 65 107 182 149 74 235"
GOMP,"{""gompPick"":1}",0.7917227220499161,0.009794138572033262,22.07242336922407,16,"74 231 147 174 168 91 149 96 84 209 107 87 38 182 201 42"
GOMP,"{""gompPick"":2}",0,0,3020.0438855523253,32,"74 231 147 168 91 174 149 84 96 201 107 30 209 38 87 247 182 42 165 183 0 1 2 3 4 5 6 7 8 9 10 11"
IHT,"{""shift"":2,""refine"":false}",358.18572783543453,2004.640869140625,-31.038279989392162,16,"0 8 10 17 20 25 27 30 41 48 49 61 69 70 72 99"
IHT,"{""shift"":2,""refine"":true}",0,0,3020.0438855523253,16,"38 42 74 84 87 91 107 147 149 165 168 174 182 201 209 231"
IHT,"{""shift"":3,""refine"":false}",0.44295381595693994,0.0030657512979814783,27.11671660441695,16,"38 42 74 84 87 91 107 147 149 165 168 174 182 201 209 231"
IHT,"{""shift"":3,""refine"":true}",1.2015991752517152,0.022560009030712536,18.448693120903553,16,"38 42 74 87 91 107 147 149 151 165 168 174 182 209 231 239"
IHT,"{""shift"":4,""refine"":false}",1.996224152479906,0.062264232296001865,14.039699435348354,16,"30 38 59 74 87 91 107 108 147 149 151 168 174 182 209 231"
IHT,"{""shift"":4,""refine"":true}",1.432912763461139,0.032081859182653716,16.919490530152203,16,"30 38 42 67 74 87 91 107 147 149 151 168 174 182 209 231"
IHT,"{""shift"":5,""refine"":false}",3.1124571352040786,0.15136545966379344,10.181817971598964,16,"8 30 38 59 67 74 87 91 107 108 147 149 151 168 174 231"
IHT,"{""shift"":5,""refine"":true}",3.4678700685264596,0.18790816894033924,9.24262920634031,16,"8 30 38 59 67 74 87 91 107 108 147 151 168 173 174 231"
IHT,"{""shift"":6,""refine"":false}",4.051022977873666,0.2564185494884441,7.892591421137139,16,"8 30 38 59 67 74 87 91 107 108 147 151 168 173 174 231"
IHT,"{""shift"":6,""refine"":true}",3.4678700685264596,0.18790816894033924,9.24262920634031,16,"8 30 38 59 67 74 87 91 107 108 147 151 168 173 174 231"
IHT,"{""shift"":7,""refine"":false}",5.016942229338518,0.3932767083206272,6.035103550203358,16,"8 30 38 59 67 74 87 91 107 108 147 151 168 173 174 231"
IHT,"{""shift"":7,""refine"":true}",3.4678700685264596,0.18790816894033924,9.24262920634031,16,"8 30 38 59 67 74 87 91 107 108 147 151 168 173 174 231"
IHT,"{""shift"":8,""refine"":false}",6.502178878713065,0.6605989089184732,3.782707291973268,16,"8 30 38 59 67 74 87 91 107 108 147 151 168 173 174 231"
IHT,"{""shift"":8,""refine"":true}",3.4678700685264596,0.18790816894033924,9.24262920634031,16,"8 30 38 59 67 74 87 91 107 108 147 151 168 173 174 231"
HTP,"{""shift"":2}",0,0,3020.0438855523253,16,"38 42 74 84 87 91 107 147 149 165 168 174 182 201 209 231"
HTP,"{""shift"":3}",1.2015991752517152,0.022560009030712536,18.448693120903553,16,"38 42 74 87 91 107 147 149 151 165 168 174 182 209 231 239"
HTP,"{""shift"":4}",1.432912763461139,0.032081859182653716,16.919490530152203,16,"30 38 42 67 74 87 91 107 147 149 151 168 174 182 209 231"
HTP,"{""shift"":5}",3.4678700685264596,0.18790816894033924,9.24262920634031,16,"8 30 38 59 67 74 87 91 107 108 147 151 168 173 174 231"
HTP,"{""shift"":6}",3.4678700685264596,0.18790816894033924,9.24262920634031,16,"8 30 38 59 67 74 87 91 107 108 147 151 168 173 174 231"
HTP,"{""shift"":7}",3.4678700685264596,0.18790816894033924,9.24262920634031,16,"8 30 38 59 67 74 87 91 107 108 147 151 168 173 174 231"
HTP,"{""shift"":8}",3.4678700685264596,0.18790816894033924,9.24262920634031,16,"8 30 38 59 67 74 87 91 107 108 147 151 168 173 174 231"
GP,"{""shift"":0,""refine"":true}",7.871247102989373,0.9680707961924782,2.1230146229619007,16,"32 37 38 73 82 84 120 149 165 169 171 182 209 231 239 243"
GP,"{""shift"":0,""refine"":false}",770.4855725461932,9275.750273466176,-37.691404665746255,16,"3 12 18 28 36 37 44 45 46 50 56 57 58 60 63 64"
GP,"{""shift"":1,""refine"":true}",0,0,3020.0438855523253,16,"38 42 74 84 87 91 107 147 149 165 168 174 182 201 209 231"
GP,"{""shift"":1,""refine"":false}",784.638645886653,9619.65319716938,-37.849508341082434,16,"10 11 25 38 40 44 52 58 60 72 74 82 92 93 94 98"
GP,"{""shift"":2,""refine"":true}",0,0,3020.0438855523253,16,"38 42 74 84 87 91 107 147 149 165 168 174 182 201 209 231"
GP,"{""shift"":2,""refine"":false}",399.86369245647387,2498.2964460144613,-31.994353889102047,16,"9 23 46 50 81 107 115 143 151 163 195 206 211 216 246 255"
GP,"{""shift"":3,""refine"":true}",1.2015991752517152,0.022560009030712536,18.448693120903553,16,"38 42 74 87 91 107 147 149 151 165 168 174 182 209 231 239"
GP,"{""shift"":3,""refine"":false}",6.713528477499913,0.7042416346594109,3.5048688433109647,16,"14 38 66 74 82 87 89 91 143 149 168 174 182 207 231 239"
GP,"{""shift"":4,""refine"":true}",1.432912763461139,0.032081859182653716,16.919490530152203,16,"30 38 42 67 74 87 91 107 147 149 151 168 174 182 209 231"
GP,"{""shift"":4,""refine"":false}",5.02947806899966,0.39524452572732116,6.013427177307449,16,"38 62 66 74 87 91 107 108 147 149 165 168 173 174 221 231"
GP,"{""shift"":5,""refine"":true}",3.4678700685264596,0.18790816894033924,9.24262920634031,16,"8 30 38 59 67 74 87 91 107 108 147 151 168 173 174 231"
GP,"{""shift"":5,""refine"":false}",4.105670451189717,0.2633832789651933,7.7762038117585295,16,"18 30 38 66 74 87 91 147 149 161 168 174 182 207 209 231"
GP,"{""shift"":6,""refine"":true}",3.4678700685264596,0.18790816894033924,9.24262920634031,16,"8 30 38 59 67 74 87 91 107 108 147 151 168 173 174 231"
GP,"{""shift"":6,""refine"":false}",3.2567822890531324,0.16572860747328377,9.788111000144086,16,"38 66 74 84 87 91 107 108 147 149 161 168 174 182 231 243"
GP,"{""shift"":7,""refine"":true}",3.4678700685264596,0.18790816894033924,9.24262920634031,16,"8 30 38 59 67 74 87 91 107 108 147 151 168 173 174 231"
GP,"{""shift"":7,""refine"":false}",4.637608884281983,0.33605337755579967,6.718003165468808,16,"36 38 74 82 84 87 91 107 108 147 165 168 174 231 239 243"
GP,"{""shift"":8,""refine"":true}",3.4678700685264596,0.18790816894033924,9.24262920634031,16,"8 30 38 59 67 74 87 91 107 108 147 151 168 173 174 231"
GP,"{""shift"":8,""refine"":false}",6.400154124987878,0.6400308253687399,3.9200769013168917,16,"8 38 59 74 84 87 91 107 108 147 151 168 174 207 231 239"
CoSaMP,"{""pick"":8,""cap"":16}",4.217999996274072,0.2779925620088761,7.541754051928499,16,"0 1 2 3 4 5 6 7 74 91 107 108 147 168 174 231"
CoSaMP,"{""pick"":8,""cap"":24}",0,0,3020.0438855523253,16,"38 42 74 84 87 91 107 147 149 165 168 174 182 201 209 231"
CoSaMP,"{""pick"":8,""cap"":32}",0,0,3020.0438855523253,16,"38 42 74 84 87 91 107 147 149 165 168 174 182 201 209 231"
CoSaMP,"{""pick"":16,""cap"":16}",3.4678700685264596,0.18790816894033924,9.24262920634031,16,"8 30 38 59 67 74 87 91 107 108 147 151 168 173 174 231"
CoSaMP,"{""pick"":16,""cap"":24}",0,0,3020.0438855523253,16,"38 42 74 84 87 91 107 147 149 165 168 174 182 201 209 231"
CoSaMP,"{""pick"":16,""cap"":32}",0,0,3020.0438855523253,16,"38 42 74 84 87 91 107 147 149 165 168 174 182 201 209 231"
CoSaMP,"{""pick"":24,""cap"":16}",3.4678700685264596,0.18790816894033924,9.24262920634031,16,"8 30 38 59 67 74 87 91 107 108 147 151 168 173 174 231"
CoSaMP,"{""pick"":24,""cap"":24}",0,0,3020.0438855523253,16,"38 42 74 84 87 91 107 147 149 165 168 174 182 201 209 231"
CoSaMP,"{""pick"":24,""cap"":32}",0,0,3020.0438855523253,16,"38 42 74 84 87 91 107 147 149 165 168 174 182 201 209 231"
CoSaMP,"{""pick"":32,""cap"":16}",3.4678700685264596,0.18790816894033924,9.24262920634031,16,"8 30 38 59 67 74 87 91 107 108 147 151 168 173 174 231"
CoSaMP,"{""pick"":32,""cap"":24}",0,0,3020.0438855523253,16,"38 42 74 84 87 91 107 147 149 165 168 174 182 201 209 231"
CoSaMP,"{""pick"":32,""cap"":32}",0,0,3020.0438855523253,16,"38 42 74 84 87 91 107 147 149 165 168 174 182 201 209 231"
SP,"{""pick"":4,""cap"":16}",5.232253000902528,0.427757366647711,5.6701108374408635,16,"0 1 2 3 4 5 6 7 8 9 10 11 74 168 174 231"
SP,"{""pick"":4,""cap"":24}",0,0,3020.0438855523253,16,"38 42 74 84 87 91 107 147 149 165 168 174 182 201 209 231"
SP,"{""pick"":4,""cap"":32}",0,0,3020.0438855523253,16,"38 42 74 84 87 91 107 147 149 165 168 174 182 201 209 231"
SP,"{""pick"":8,""cap"":16}",4.217999996274072,0.2779925620088761,7.541754051928499,16,"0 1 2 3 4 5 6 7 74 91 107 108 147 168 174 231"
SP,"{""pick"":8,""cap"":24}",0,0,3020.0438855523253,16,"38 42 74 84 87 91 107 147 149 165 168 174 182 201 209 231"
SP,"{""pick"":8,""cap"":32}",0,0,3020.0438855523253,16,"38 42 74 84 87 91 107 147 149 165 168 174 182 201 209 231"
SP,"{""pick"":16,""cap"":16}",3.4678700685264596,0.18790816894033924,9.24262920634031,16,"8 30 38 59 67 74 87 91 107 108 147 151 168 173 174 231"
SP,"{""pick"":16,""cap"":24}",0,0,3020.0438855523253,16,"38 42 74 84 87 91 107 147 149 165 168 174 182 201 209 231"
SP,"{""pick"":16,""cap"":32}",0,0,3020.0438855523253,16,"38 42 74 84 87 91 107 147 149 165 168 174 182 201 209 231"
SP,"{""pick"":24,""cap"":16}",3.4678700685264596,0.18790816894033924,9.24262920634031,16,"8 30 38 59 67 74 87 91 107 108 147 151 168 173 174 231"
SP,"{""pick"":24,""cap"":24}",0,0,3020.0438855523253,16,"38 42 74 84 87 91 107 147 149 165 168 174 182 201 209 231"
SP,"{""pick"":24,""cap"":32}",0,0,3020.0438855523253,16,"38 42 74 84 87 91 107 147 149 165 168 174 182 201 209 231"